{"nodes":{"32":{"id":32,"Tag":0,"pos":{"x":0.0,"y":0.0,"z":0.0},"Weight":0.0,"Info":""},"33":{"id":33,"Tag":0,"pos":{"x":0.0,"y":0.0,"z":0.0},"Weight":0.0,"Info":""},"34":{"id":34,"Tag":0,"pos":{"x":0.0,"y":0.0,"z":0.0},"Weight":0.0,"Info":""},"35":{"id":35,"Tag":0,"pos":{"x":0.0,"y":0.0,"z":0.0},"Weight":0.0,"Info":""},"36":{"id":36,"Tag":0,"pos":{"x":0.0,"y":0.0,"z":0.0},"Weight":0.0,"Info":""},"37":{"id":37,"Tag":0,"pos":{"x":0.0,"y":0.0,"z":0.0},"Weight":0.0,"Info":""},"38":{"id":38,"Tag":0,"pos":{"x":0.0,"y":0.0,"z":0.0},"Weight":0.0,"Info":""},"39":{"id":39,"Tag":0,"pos":{"x":0.0,"y":0.0,"z":0.0},"Weight":0.0,"Info":""},"30":{"id":30,"Tag":0,"pos":{"x":0.0,"y":0.0,"z":0.0},"Weight":0.0,"Info":""},"31":{"id":31,"Tag":0,"pos":{"x":0.0,"y":0.0,"z":0.0},"Weight":0.0,"Info":""}},"Edges":{"32":{"34":{"src":32,"dest":34,"Tag":0,"w":0.2331557947513334,"Info":""},"35":{"src":32,"dest":35,"Tag":0,"w":0.11596708803265776,"Info":""},"37":{"src":32,"dest":37,"Tag":0,"w":0.8867444223713158,"Info":""}},"33":{"39":{"src":33,"dest":39,"Tag":0,"w":0.006117182265761301,"Info":""},"30":{"src":33,"dest":30,"Tag":0,"w":0.45100850261544956,"Info":""},"31":{"src":33,"dest":31,"Tag":0,"w":0.6949479796024919,"Info":""}},"34":{"33":{"src":34,"dest":33,"Tag":0,"w":0.7173224016222269,"Info":""},"39":{"src":34,"dest":39,"Tag":0,"w":0.061901802278626294,"Info":""},"30":{"src":34,"dest":30,"Tag":0,"w":0.6171458898614318,"Info":""}},"35":{"32":{"src":35,"dest":32,"Tag":0,"w":0.8764426533244832,"Info":""},"39":{"src":35,"dest":39,"Tag":0,"w":0.6304048639228539,"Info":""}},"36":{"32":{"src":36,"dest":32,"Tag":0,"w":0.8803572849070423,"Info":""},"38":{"src":36,"dest":38,"Tag":0,"w":0.3538232827704746,"Info":""},"31":{"src":36,"dest":31,"Tag":0,"w":0.6524767068959532,"Info":""}},"37":{"33":{"src":37,"dest":33,"Tag":0,"w":0.6073350789607563,"Info":""},"34":{"src":37,"dest":34,"Tag":0,"w":0.37580820874305876,"Info":""},"36":{"src":37,"dest":36,"Tag":0,"w":0.20463555220568552,"Info":""},"31":{"src":37,"dest":31,"Tag":0,"w":0.481728301575598,"Info":""}},"38":{"30":{"src":38,"dest":30,"Tag":0,"w":0.5923792438629387,"Info":""},"31":{"src":38,"dest":31,"Tag":0,"w":0.6169513867462899,"Info":""}},"39":{"32":{"src":39,"dest":32,"Tag":0,"w":0.2484887670873126,"Info":""},"33":{"src":39,"dest":33,"Tag":0,"w":0.34751802920311026,"Info":""},"35":{"src":39,"dest":35,"Tag":0,"w":0.4914512055616126,"Info":""},"38":{"src":39,"dest":38,"Tag":0,"w":0.8363149477563286,"Info":""},"30":{"src":39,"dest":30,"Tag":0,"w":0.7638204881746642,"Info":""},"31":{"src":39,"dest":31,"Tag":0,"w":0.7105747751483344,"Info":""}},"30":{"34":{"src":30,"dest":34,"Tag":0,"w":0.8624497547615505,"Info":""},"35":{"src":30,"dest":35,"Tag":0,"w":0.07302602021384397,"Info":""},"36":{"src":30,"dest":36,"Tag":0,"w":0.280001615782666,"Info":""}},"31":{"36":{"src":31,"dest":36,"Tag":0,"w":0.008760417318731673,"Info":""}}},"MC":39,"edgesize":30}