{"nodes":{"0":{"id":0,"Tag":0,"pos":{"X":0.0,"Y":0.0,"Z":0.0},"Weight":0.0,"Info":""},"1":{"id":1,"Tag":0,"pos":{"X":0.0,"Y":0.0,"Z":0.0},"Weight":0.0,"Info":""},"2":{"id":2,"Tag":0,"pos":{"X":0.0,"Y":0.0,"Z":0.0},"Weight":0.0,"Info":""},"3":{"id":3,"Tag":0,"pos":{"X":0.0,"Y":0.0,"Z":0.0},"Weight":0.0,"Info":""},"4":{"id":4,"Tag":0,"pos":{"X":0.0,"Y":0.0,"Z":0.0},"Weight":0.0,"Info":""},"5":{"id":5,"Tag":0,"pos":{"X":0.0,"Y":0.0,"Z":0.0},"Weight":0.0,"Info":""},"6":{"id":6,"Tag":0,"pos":{"X":0.0,"Y":0.0,"Z":0.0},"Weight":0.0,"Info":""},"7":{"id":7,"Tag":0,"pos":{"X":0.0,"Y":0.0,"Z":0.0},"Weight":0.0,"Info":""},"8":{"id":8,"Tag":0,"pos":{"X":0.0,"Y":0.0,"Z":0.0},"Weight":0.0,"Info":""},"9":{"id":9,"Tag":0,"pos":{"X":0.0,"Y":0.0,"Z":0.0},"Weight":0.0,"Info":""}},"Edges":{"0":{"4":{"src":0,"dest":4,"Tag":0,"w":0.8624497547615505,"Info":""},"5":{"src":0,"dest":5,"Tag":0,"w":0.07302602021384397,"Info":""},"6":{"src":0,"dest":6,"Tag":0,"w":0.280001615782666,"Info":""}},"1":{"6":{"src":1,"dest":6,"Tag":0,"w":0.008760417318731673,"Info":""}},"2":{"4":{"src":2,"dest":4,"Tag":0,"w":0.2331557947513334,"Info":""},"5":{"src":2,"dest":5,"Tag":0,"w":0.11596708803265776,"Info":""},"7":{"src":2,"dest":7,"Tag":0,"w":0.8867444223713158,"Info":""}},"3":{"0":{"src":3,"dest":0,"Tag":0,"w":0.45100850261544956,"Info":""},"1":{"src":3,"dest":1,"Tag":0,"w":0.6949479796024919,"Info":""},"9":{"src":3,"dest":9,"Tag":0,"w":0.006117182265761301,"Info":""}},"4":{"0":{"src":4,"dest":0,"Tag":0,"w":0.6171458898614318,"Info":""},"3":{"src":4,"dest":3,"Tag":0,"w":0.7173224016222269,"Info":""},"9":{"src":4,"dest":9,"Tag":0,"w":0.061901802278626294,"Info":""}},"5":{"2":{"src":5,"dest":2,"Tag":0,"w":0.8764426533244832,"Info":""},"9":{"src":5,"dest":9,"Tag":0,"w":0.6304048639228539,"Info":""}},"6":{"1":{"src":6,"dest":1,"Tag":0,"w":0.6524767068959532,"Info":""},"2":{"src":6,"dest":2,"Tag":0,"w":0.8803572849070423,"Info":""},"8":{"src":6,"dest":8,"Tag":0,"w":0.3538232827704746,"Info":""}},"7":{"1":{"src":7,"dest":1,"Tag":0,"w":0.481728301575598,"Info":""},"3":{"src":7,"dest":3,"Tag":0,"w":0.6073350789607563,"Info":""},"4":{"src":7,"dest":4,"Tag":0,"w":0.37580820874305876,"Info":""},"6":{"src":7,"dest":6,"Tag":0,"w":0.20463555220568552,"Info":""}},"8":{"0":{"src":8,"dest":0,"Tag":0,"w":0.5923792438629387,"Info":""},"1":{"src":8,"dest":1,"Tag":0,"w":0.6169513867462899,"Info":""}},"9":{"0":{"src":9,"dest":0,"Tag":0,"w":0.7638204881746642,"Info":""},"1":{"src":9,"dest":1,"Tag":0,"w":0.7105747751483344,"Info":""},"2":{"src":9,"dest":2,"Tag":0,"w":0.2484887670873126,"Info":""},"3":{"src":9,"dest":3,"Tag":0,"w":0.34751802920311026,"Info":""},"5":{"src":9,"dest":5,"Tag":0,"w":0.4914512055616126,"Info":""},"8":{"src":9,"dest":8,"Tag":0,"w":0.8363149477563286,"Info":""}}},"MC":39,"edgesize":30}