{
  "nodes": {
    "0": {
      "Key": 0,
      "Tag": 0,
      "Geo_Loc": {
        "X": 0.0,
        "Y": 0.0,
        "Z": 0.0
      },
      "Weight": 1.7976931348623157E308,
      "Info": ""
    },
    "1": {
      "Key": 1,
      "Tag": 0,
      "Geo_Loc": {
        "X": 0.0,
        "Y": 0.0,
        "Z": 0.0
      },
      "Weight": 1.7976931348623157E308,
      "Info": ""
    },
    "2": {
      "Key": 2,
      "Tag": 0,
      "Geo_Loc": {
        "X": 0.0,
        "Y": 0.0,
        "Z": 0.0
      },
      "Weight": 1.7976931348623157E308,
      "Info": ""
    },
    "3": {
      "Key": 3,
      "Tag": 0,
      "Geo_Loc": {
        "X": 0.0,
        "Y": 0.0,
        "Z": 0.0
      },
      "Weight": 1.7976931348623157E308,
      "Info": ""
    },
    "4": {
      "Key": 4,
      "Tag": 0,
      "Geo_Loc": {
        "X": 0.0,
        "Y": 0.0,
        "Z": 0.0
      },
      "Weight": 1.7976931348623157E308,
      "Info": ""
    },
    "5": {
      "Key": 5,
      "Tag": 0,
      "Geo_Loc": {
        "X": 0.0,
        "Y": 0.0,
        "Z": 0.0
      },
      "Weight": 1.7976931348623157E308,
      "Info": ""
    },
    "6": {
      "Key": 6,
      "Tag": 0,
      "Geo_Loc": {
        "X": 0.0,
        "Y": 0.0,
        "Z": 0.0
      },
      "Weight": 1.7976931348623157E308,
      "Info": ""
    },
    "7": {
      "Key": 7,
      "Tag": 0,
      "Geo_Loc": {
        "X": 0.0,
        "Y": 0.0,
        "Z": 0.0
      },
      "Weight": 1.7976931348623157E308,
      "Info": ""
    },
    "8": {
      "Key": 8,
      "Tag": 0,
      "Geo_Loc": {
        "X": 0.0,
        "Y": 0.0,
        "Z": 0.0
      },
      "Weight": 1.7976931348623157E308,
      "Info": ""
    },
    "9": {
      "Key": 9,
      "Tag": 0,
      "Geo_Loc": {
        "X": 0.0,
        "Y": 0.0,
        "Z": 0.0
      },
      "Weight": 1.7976931348623157E308,
      "Info": ""
    }
  },
  "Edges": {
    "0": {
      "4": {
        "Src": 0,
        "Dest": 4,
        "Tag": 0,
        "Weight": 0.8624497547615505,
        "Info": ""
      },
      "5": {
        "Src": 0,
        "Dest": 5,
        "Tag": 0,
        "Weight": 0.07302602021384397,
        "Info": ""
      },
      "6": {
        "Src": 0,
        "Dest": 6,
        "Tag": 0,
        "Weight": 0.280001615782666,
        "Info": ""
      }
    },
    "1": {
      "6": {
        "Src": 1,
        "Dest": 6,
        "Tag": 0,
        "Weight": 0.008760417318731673,
        "Info": ""
      }
    },
    "2": {
      "4": {
        "Src": 2,
        "Dest": 4,
        "Tag": 0,
        "Weight": 0.2331557947513334,
        "Info": ""
      },
      "5": {
        "Src": 2,
        "Dest": 5,
        "Tag": 0,
        "Weight": 0.11596708803265776,
        "Info": ""
      },
      "7": {
        "Src": 2,
        "Dest": 7,
        "Tag": 0,
        "Weight": 0.8867444223713158,
        "Info": ""
      }
    },
    "3": {
      "0": {
        "Src": 3,
        "Dest": 0,
        "Tag": 0,
        "Weight": 0.45100850261544956,
        "Info": ""
      },
      "1": {
        "Src": 3,
        "Dest": 1,
        "Tag": 0,
        "Weight": 0.6949479796024919,
        "Info": ""
      },
      "9": {
        "Src": 3,
        "Dest": 9,
        "Tag": 0,
        "Weight": 0.006117182265761301,
        "Info": ""
      }
    },
    "4": {
      "0": {
        "Src": 4,
        "Dest": 0,
        "Tag": 0,
        "Weight": 0.6171458898614318,
        "Info": ""
      },
      "3": {
        "Src": 4,
        "Dest": 3,
        "Tag": 0,
        "Weight": 0.7173224016222269,
        "Info": ""
      },
      "9": {
        "Src": 4,
        "Dest": 9,
        "Tag": 0,
        "Weight": 0.061901802278626294,
        "Info": ""
      }
    },
    "5": {
      "2": {
        "Src": 5,
        "Dest": 2,
        "Tag": 0,
        "Weight": 0.8764426533244832,
        "Info": ""
      },
      "9": {
        "Src": 5,
        "Dest": 9,
        "Tag": 0,
        "Weight": 0.6304048639228539,
        "Info": ""
      }
    },
    "6": {
      "1": {
        "Src": 6,
        "Dest": 1,
        "Tag": 0,
        "Weight": 0.6524767068959532,
        "Info": ""
      },
      "2": {
        "Src": 6,
        "Dest": 2,
        "Tag": 0,
        "Weight": 0.8803572849070423,
        "Info": ""
      },
      "8": {
        "Src": 6,
        "Dest": 8,
        "Tag": 0,
        "Weight": 0.3538232827704746,
        "Info": ""
      }
    },
    "7": {
      "1": {
        "Src": 7,
        "Dest": 1,
        "Tag": 0,
        "Weight": 0.481728301575598,
        "Info": ""
      },
      "3": {
        "Src": 7,
        "Dest": 3,
        "Tag": 0,
        "Weight": 0.6073350789607563,
        "Info": ""
      },
      "4": {
        "Src": 7,
        "Dest": 4,
        "Tag": 0,
        "Weight": 0.37580820874305876,
        "Info": ""
      },
      "6": {
        "Src": 7,
        "Dest": 6,
        "Tag": 0,
        "Weight": 0.20463555220568552,
        "Info": ""
      }
    },
    "8": {
      "0": {
        "Src": 8,
        "Dest": 0,
        "Tag": 0,
        "Weight": 0.5923792438629387,
        "Info": ""
      },
      "1": {
        "Src": 8,
        "Dest": 1,
        "Tag": 0,
        "Weight": 0.6169513867462899,
        "Info": ""
      }
    },
    "9": {
      "0": {
        "Src": 9,
        "Dest": 0,
        "Tag": 0,
        "Weight": 0.7638204881746642,
        "Info": ""
      },
      "1": {
        "Src": 9,
        "Dest": 1,
        "Tag": 0,
        "Weight": 0.7105747751483344,
        "Info": ""
      },
      "2": {
        "Src": 9,
        "Dest": 2,
        "Tag": 0,
        "Weight": 0.2484887670873126,
        "Info": ""
      },
      "3": {
        "Src": 9,
        "Dest": 3,
        "Tag": 0,
        "Weight": 0.34751802920311026,
        "Info": ""
      },
      "5": {
        "Src": 9,
        "Dest": 5,
        "Tag": 0,
        "Weight": 0.4914512055616126,
        "Info": ""
      },
      "8": {
        "Src": 9,
        "Dest": 8,
        "Tag": 0,
        "Weight": 0.8363149477563286,
        "Info": ""
      }
    }
  },
  "MC": 39,
  "edgesize": 30
}